,open,high,low,close
0,3701.23000000,3810.16000000,3642.00000000,3797.14000000
1,3796.45000000,3882.14000000,3750.45000000,3858.56000000
2,3857.57000000,3862.74000000,3730.00000000,3766.78000000
3,3767.20000000,3823.64000000,3703.57000000,3792.01000000
4,3790.09000000,3840.99000000,3751.00000000,3770.96000000
5,3771.12000000,4027.71000000,3740.00000000,3987.60000000
6,3987.62000000,4017.90000000,3921.53000000,3975.45000000
7,3976.76000000,4069.80000000,3903.00000000,3955.13000000
8,3955.45000000,4006.81000000,3930.04000000,3966.65000000
9,3966.06000000,3996.01000000,3540.00000000,3585.88000000
10,3585.88000000,3658.00000000,3465.00000000,3601.31000000
11,3601.31000000,3618.19000000,3530.00000000,3583.13000000
12,3584.10000000,3611.10000000,3441.30000000,3476.81000000
13,3477.56000000,3671.87000000,3467.02000000,3626.09000000
14,3626.08000000,3648.42000000,3516.62000000,3553.06000000
15,3553.06000000,3645.00000000,3543.51000000,3591.84000000
16,3591.84000000,3634.70000000,3530.39000000,3616.21000000
17,3613.32000000,3620.00000000,3565.75000000,3594.87000000
18,3594.87000000,3720.00000000,3594.23000000,3665.30000000
19,3665.75000000,3693.73000000,3475.00000000,3539.28000000
20,3539.26000000,3559.51000000,3475.50000000,3526.90000000
21,3526.88000000,3608.50000000,3434.85000000,3570.93000000
22,3570.41000000,3607.98000000,3514.50000000,3552.82000000
23,3552.97000000,3589.00000000,3529.22000000,3569.62000000
24,3569.07000000,3587.15000000,3522.51000000,3565.29000000
25,3566.69000000,3662.94000000,3545.00000000,3565.25000000
26,3565.62000000,3579.00000000,3486.00000000,3550.84000000
27,3550.05000000,3557.75000000,3380.27000000,3434.15000000
28,3434.00000000,3443.45000000,3349.92000000,3411.04000000
29,3410.04000000,3478.00000000,3387.10000000,3458.18000000
30,3457.50000000,3489.20000000,3418.80000000,3434.10000000
31,3434.10000000,3488.00000000,3401.20000000,3462.07000000
32,3462.20000000,3526.40000000,3440.29000000,3504.77000000
33,3504.06000000,3511.09000000,3426.00000000,3458.11000000
34,3458.11000000,3484.88000000,3433.31000000,3463.22000000
35,3463.22000000,3478.97000000,3448.43000000,3471.59000000
36,3471.57000000,3482.72000000,3380.00000000,3405.37000000
37,3407.00000000,3426.45000000,3390.00000000,3398.40000000
38,3398.40000000,3733.58000000,3373.10000000,3659.04000000
39,3660.27000000,3680.02000000,3625.13000000,3665.18000000
40,3665.18000000,3684.99000000,3609.76000000,3680.06000000
41,3679.75000000,3684.90000000,3615.53000000,3631.05000000
42,3631.05000000,3667.60000000,3582.34000000,3631.46000000
43,3631.51000000,3670.00000000,3591.75000000,3609.40000000
44,3608.34000000,3626.40000000,3568.11000000,3590.56000000
45,3590.57000000,3653.23000000,3573.45000000,3602.47000000
46,3602.49000000,3648.20000000,3597.91000000,3618.41000000
47,3617.22000000,3700.11000000,3604.40000000,3667.58000000
48,3667.62000000,3925.00000000,3655.00000000,3898.60000000
49,3897.35000000,3994.52000000,3856.00000000,3907.79000000
50,3907.35000000,3986.98000000,3870.66000000,3969.74000000
51,3969.74000000,4016.48000000,3901.03000000,3937.31000000
52,3937.31000000,3988.00000000,3926.65000000,3962.00000000
53,3962.00000000,4162.02000000,3933.15000000,4117.76000000
54,4118.00000000,4198.00000000,3712.66000000,3743.56000000
55,3743.56000000,3872.66000000,3740.00000000,3827.92000000
56,3828.44000000,3841.51000000,3777.00000000,3809.23000000
57,3809.31000000,3838.85000000,3677.17000000,3818.07000000
58,3818.04000000,3888.00000000,3763.87000000,3813.69000000
59,3814.26000000,3857.00000000,3813.01000000,3823.00000000
60,3822.17000000,3841.31000000,3772.25000000,3819.93000000
61,3819.97000000,3835.00000000,3781.32000000,3807.75000000
62,3807.32000000,3830.00000000,3670.69000000,3715.30000000
63,3716.10000000,3877.10000000,3703.55000000,3857.73000000
64,3857.58000000,3907.00000000,3813.09000000,3861.84000000
65,3861.84000000,3905.40000000,3840.40000000,3873.64000000
66,3873.63000000,3932.00000000,3800.00000000,3864.89000000
67,3864.88000000,3971.75000000,3854.75000000,3943.04000000
68,3943.43000000,3943.43000000,3881.69000000,3916.82000000
69,3915.99000000,3936.98000000,3830.00000000,3871.61000000
70,3871.61000000,3905.20000000,3826.06000000,3882.73000000
71,3882.69000000,3893.56000000,3840.00000000,3866.00000000
72,3866.00000000,3920.00000000,3810.43000000,3877.12000000
73,3877.12000000,3939.22000000,3872.20000000,3923.76000000
74,3924.46000000,4056.98000000,3921.98000000,4005.98000000
75,4005.98000000,4012.00000000,3950.01000000,3981.14000000
76,3981.85000000,4037.00000000,3953.33000000,3987.81000000
77,3987.83000000,4031.00000000,3970.00000000,4015.53000000
78,4017.48000000,4050.00000000,3980.50000000,4043.04000000
79,4043.04000000,4069.32000000,3880.01000000,3980.64000000
80,3980.85000000,4008.00000000,3968.25000000,3986.93000000
81,3987.89000000,4018.83000000,3978.01000000,4006.01000000
82,4006.01000000,4006.02000000,3950.00000000,3992.18000000
83,3991.35000000,3999.30000000,3888.71000000,3936.12000000
84,3935.47000000,3958.98000000,3894.00000000,3948.55000000
85,3948.77000000,4048.00000000,3936.15000000,4038.05000000
86,4039.58000000,4039.70000000,4002.00000000,4027.81000000
87,4028.22000000,4123.71000000,4024.03000000,4103.25000000
88,4104.24000000,4140.00000000,4052.00000000,4106.97000000
89,4106.99000000,4116.12000000,4082.57000000,4103.95000000
90,4102.44000000,4158.70000000,4067.00000000,4144.56000000
91,4144.54000000,4897.99000000,4140.54000000,4857.29000000
92,4857.19000000,5275.01000000,4753.50000000,4932.60000000
93,4932.59000000,5039.08000000,4777.00000000,4898.66000000
94,4898.64000000,5028.22000000,4880.62000000,5004.95000000
95,5004.96000000,5205.00000000,4928.59000000,5043.89000000
96,5042.07000000,5234.00000000,5026.00000000,5170.27000000
97,5170.27000000,5305.00000000,5039.00000000,5236.90000000
98,5238.38000000,5238.40000000,5076.68000000,5150.00000000
99,5150.00000000,5422.00000000,5135.00000000,5308.25000000
100,5307.86000000,5332.67000000,4927.00000000,5017.37000000
101,5017.37000000,5080.58000000,4861.22000000,5048.01000000
102,5047.00000000,5099.00000000,5004.00000000,5045.22000000
103,5047.45000000,5152.99000000,5000.00000000,5131.30000000
104,5131.28000000,5167.38000000,4950.00000000,5024.95000000
105,5024.95000000,5197.72000000,5003.94000000,5173.72000000
106,5173.72000000,5230.40000000,5146.80000000,5202.82000000
107,5202.41000000,5287.00000000,5198.80000000,5258.44000000
108,5258.44000000,5320.00000000,5175.00000000,5258.68000000
109,5258.68000000,5333.42000000,5230.10000000,5291.73000000
110,5292.91000000,5314.35000000,5165.00000000,5256.14000000
111,5257.41000000,5400.00000000,5208.35000000,5357.14000000
112,5357.14000000,5600.00000000,5332.41000000,5493.31000000
113,5490.91000000,5582.20000000,5333.35000000,5415.00000000
114,5415.00000000,5491.84000000,5102.00000000,5219.90000000
115,5220.47000000,5510.00000000,5161.62000000,5314.10000000
116,5315.00000000,5342.50000000,5257.67000000,5295.69000000
117,5295.69000000,5340.00000000,5259.48000000,5307.52000000
118,5309.81000000,5332.00000000,5178.80000000,5238.14000000
119,5238.14000000,5339.98000000,5192.15000000,5320.81000000
120,5321.94000000,5402.00000000,5316.20000000,5383.20000000
121,5383.20000000,5538.00000000,5370.00000000,5492.87000000
122,5494.81000000,5844.00000000,5477.57000000,5772.69000000
123,5770.62000000,5900.00000000,5587.45000000,5829.45000000
124,5829.83000000,5839.90000000,5696.00000000,5775.62000000
125,5773.18000000,5805.00000000,5619.14000000,5747.79000000
126,5749.92000000,6028.41000000,5747.74000000,5846.34000000
127,5846.34000000,6014.72000000,5772.20000000,5987.29000000
128,5986.66000000,6224.55000000,5983.71000000,6209.18000000
129,6209.95000000,6468.92000000,6172.00000000,6373.33000000
130,6375.16000000,7343.99000000,6372.85000000,7076.22000000
131,7076.24000000,7521.78000000,6750.00000000,6967.31000000
132,6968.24000000,8100.00000000,6870.00000000,7790.71000000
133,7795.62000000,8366.00000000,7599.56000000,7947.56000000
134,7945.26000000,8249.00000000,7850.00000000,8169.87000000
135,8169.08000000,8320.00000000,7705.00000000,7866.59000000
136,7868.67000000,7925.00000000,6913.00000000,7355.26000000
137,7355.28000000,7458.00000000,7156.61000000,7257.45000000
138,7257.32000000,8275.09000000,7243.08000000,8148.48000000
139,8147.94000000,8156.03000000,7553.00000000,7938.15000000
140,7937.16000000,8042.32000000,7771.00000000,7904.87000000
141,7904.48000000,8016.00000000,7465.00000000,7628.43000000
142,7627.80000000,7940.98000000,7461.00000000,7851.51000000
143,7849.95000000,8130.00000000,7766.00000000,7964.87000000
144,7964.52000000,8091.80000000,7908.34000000,8025.41000000
145,8023.00000000,8740.00000000,7833.42000000,8614.43000000
146,8612.54000000,8908.32000000,8589.00000000,8756.32000000
147,8752.52000000,8798.49000000,8510.63000000,8715.64000000
148,8716.87000000,8750.00000000,8406.60000000,8645.68000000
149,8646.50000000,9074.26000000,8005.00000000,8269.54000000
150,8267.10000000,8594.00000000,8108.50000000,8555.00000000
151,8555.00000000,8626.00000000,8442.36000000,8544.07000000
152,8545.10000000,8814.78000000,8524.00000000,8725.98000000
153,8726.00000000,8800.95000000,8080.80000000,8115.82000000
154,8115.66000000,8115.66000000,7481.02000000,7687.03000000
155,7687.04000000,7896.70000000,7572.78000000,7776.50000000
156,7778.08000000,7868.13000000,7444.58000000,7786.70000000
157,7787.57000000,8100.00000000,7737.49000000,7980.53000000
158,7978.94000000,8044.65000000,7751.00000000,7893.62000000
159,7895.28000000,7935.00000000,7506.66000000,7628.13000000
160,7627.57000000,8020.00000000,7511.00000000,7982.75000000
161,7981.00000000,8010.00000000,7692.23000000,7884.90000000
162,7884.90000000,8200.00000000,7788.99000000,8127.64000000
163,8127.64000000,8309.82000000,8010.03000000,8218.54000000
164,8216.44000000,8684.41000000,8144.32000000,8650.00000000
165,8650.88000000,8864.99000000,8567.63000000,8808.70000000
166,8810.77000000,9333.00000000,8760.00000000,8953.33000000
167,8953.00000000,9444.00000000,8950.00000000,9313.96000000
168,9312.13000000,9336.36000000,8950.00000000,9081.55000000
169,9081.97000000,9304.00000000,8960.00000000,9255.49000000
170,9253.76000000,9590.00000000,9175.20000000,9517.12000000
171,9518.06000000,10174.99000000,9518.06000000,10159.86000000
172,10159.86000000,11160.00000000,9921.72000000,10729.50000000
173,10729.00000000,11392.64000000,10555.18000000,10906.07000000
174,10905.95000000,11143.63000000,10620.80000000,11056.59000000
175,11056.59000000,11850.00000000,11026.00000000,11820.86000000
176,11821.28000000,13970.00000000,11741.00000000,13093.80000000
177,13098.38000000,13478.04000000,10525.10000000,11329.99000000
178,11329.99000000,12480.00000000,10982.88000000,12400.63000000
179,12407.06000000,12441.54000000,11475.02000000,11903.13000000
180,11903.13000000,12180.00000000,10766.03000000,10854.10000000
181,10854.10000000,11282.28000000,10030.00000000,10624.93000000
182,10624.90000000,10938.75000000,9727.00000000,10842.85000000
183,10844.98000000,11991.89000000,10841.04000000,11940.00000000
184,11940.00000000,12000.00000000,11055.00000000,11145.67000000
185,11145.67000000,11406.83000000,10796.44000000,10970.73000000
186,10982.41000000,11665.00000000,10964.51000000,11256.49000000
187,11256.45000000,11538.00000000,11094.37000000,11406.24000000
188,11410.00000000,12338.03000000,11220.00000000,12238.60000000
189,12238.60000000,12794.73000000,12068.00000000,12543.41000000
190,12548.51000000,13147.08000000,11569.00000000,12108.37000000
191,12108.11000000,12111.73000000,11000.00000000,11342.89000000
192,11342.88000000,11885.00000000,11073.00000000,11757.22000000
193,11757.22000000,11799.98000000,10830.00000000,11355.76000000
194,11355.78000000,11452.00000000,10103.00000000,10174.18000000
195,10174.18000000,11100.00000000,9860.00000000,10838.72000000
196,10833.78000000,11028.00000000,9350.01000000,9439.59000000
197,9430.17000000,9957.00000000,9060.00000000,9667.92000000
198,9668.86000000,10788.00000000,9252.00000000,10627.16000000
199,10628.64000000,10769.71000000,10121.84000000,10504.29000000
200,10505.78000000,11068.99000000,10350.00000000,10740.23000000
201,10740.27000000,10817.90000000,10288.00000000,10589.45000000
202,10590.15000000,10683.16000000,10100.00000000,10340.31000000
203,10343.08000000,10343.97000000,9822.00000000,9864.91000000
204,9864.78000000,9937.00000000,9525.00000000,9763.28000000
205,9763.40000000,10175.00000000,9720.03000000,9879.87000000
206,9882.15000000,9889.98000000,9637.00000000,9824.00000000
207,9824.00000000,10188.66000000,9333.00000000,9476.52000000
208,9478.92000000,9594.99000000,9165.00000000,9541.54000000
209,9541.54000000,9729.00000000,9395.00000000,9507.64000000
210,9509.07000000,9714.28000000,9402.00000000,9574.21000000
211,9575.00000000,10109.80000000,9555.00000000,10080.53000000
212,10080.53000000,10467.86000000,9863.46000000,10374.99000000
213,10375.00000000,10670.00000000,10281.35000000,10523.75000000
214,10523.75000000,10904.77000000,10497.93000000,10816.86000000
215,10816.86000000,11040.00000000,10552.00000000,10929.23000000
216,10929.99000000,11937.52000000,10927.80000000,11828.80000000
217,11830.00000000,12330.70000000,11226.70000000,11481.69000000
218,11481.69000000,12141.17000000,11382.84000000,11975.03000000
219,11975.04000000,12060.00000000,11521.00000000,11999.77000000
220,11994.17000000,12045.68000000,11700.00000000,11879.99000000
221,11879.98000000,11985.00000000,11270.00000000,11309.31000000
222,11309.24000000,11600.00000000,11112.11000000,11549.97000000
223,11539.08000000,11577.89000000,11235.32000000,11396.08000000
224,11398.35000000,11456.16000000,10788.45000000,10892.71000000
225,10893.36000000,10897.48000000,9928.10000000,10050.37000000
226,10055.16000000,10460.00000000,9911.00000000,10293.93000000
227,10296.77000000,10536.03000000,9750.00000000,10331.54000000
228,10331.15000000,10465.14000000,10000.00000000,10216.02000000
229,10216.05000000,10500.00000000,10080.00000000,10306.78000000
230,10306.17000000,10930.00000000,10258.60000000,10915.54000000
231,10914.73000000,10949.96000000,10560.00000000,10760.51000000
232,10760.51000000,10804.13000000,9858.00000000,10142.57000000
233,10140.82000000,10242.00000000,9762.00000000,10099.88000000
234,10099.90000000,10445.00000000,10019.79000000,10389.55000000
235,10388.16000000,10419.42000000,9890.00000000,10134.35000000
236,10134.61000000,10333.00000000,9906.97000000,10142.69000000
237,10142.69000000,10604.00000000,10137.93000000,10372.25000000
238,10373.60000000,10391.08000000,10051.08000000,10185.05000000
239,10185.69000000,10299.00000000,9601.01000000,9721.00000000
240,9721.00000000,9724.00000000,9320.00000000,9498.44000000
241,9499.01000000,9696.00000000,9350.41000000,9584.54000000
242,9582.76000000,9684.51000000,9420.75000000,9587.47000000
243,9588.74000000,9830.00000000,9520.00000000,9724.98000000
244,9723.59000000,10450.00000000,9712.50000000,10340.00000000
245,10340.00000000,10773.00000000,10272.00000000,10615.28000000
246,10611.85000000,10799.00000000,10369.89000000,10567.02000000
247,10565.92000000,10900.00000000,10450.00000000,10564.49000000
248,10563.13000000,10905.87000000,10150.00000000,10298.73000000
249,10298.71000000,10558.00000000,10288.57000000,10455.88000000
250,10455.90000000,10592.50000000,10208.00000000,10381.18000000
251,10381.24000000,10480.00000000,10068.50000000,10303.12000000
252,10302.58000000,10384.99000000,9953.00000000,10098.15000000
253,10098.19000000,10293.00000000,9880.00000000,10158.33000000
254,10158.75000000,10448.81000000,10040.00000000,10415.01000000
255,10415.01000000,10439.00000000,10153.00000000,10342.06000000
256,10344.13000000,10419.99000000,10222.33000000,10335.02000000
257,10332.81000000,10360.00000000,10252.15000000,10302.01000000
258,10303.34000000,10355.00000000,10078.00000000,10251.31000000
259,10249.68000000,10275.00000000,10128.01000000,10187.82000000
260,10187.48000000,10258.02000000,10100.00000000,10156.99000000
261,10156.41000000,10325.00000000,9653.00000000,10244.29000000
262,10243.70000000,10281.00000000,10061.39000000,10168.59000000
263,10167.92000000,10176.70000000,9900.00000000,9986.39000000
264,9985.15000000,10089.00000000,9853.97000000,10028.87000000
265,10028.05000000,10049.99000000,9615.77000000,9702.25000000
266,9702.20000000,9794.99000000,7800.00000000,8493.14000000
267,8497.55000000,8730.00000000,8215.64000000,8430.05000000
268,8430.05000000,8465.99000000,7750.00000000,8063.73000000
269,8063.49000000,8265.00000000,7852.15000000,8177.91000000
270,8177.47000000,8315.00000000,8001.09000000,8198.81000000
271,8199.38000000,8229.13000000,7890.00000000,8043.82000000
272,8043.04000000,8337.26000000,7710.00000000,8289.34000000
273,8289.97000000,8500.00000000,8173.05000000,8292.44000000
274,8292.67000000,8373.91000000,8151.22000000,8359.94000000
275,8360.00000000,8393.00000000,8060.00000000,8223.96000000
276,8224.43000000,8232.41000000,8005.00000000,8137.13000000
277,8137.09000000,8183.41000000,8012.98000000,8126.19000000
278,8127.55000000,8153.87000000,7785.00000000,7854.25000000
279,7855.30000000,8299.92000000,7762.00000000,8190.09000000
280,8190.82000000,8325.00000000,8088.75000000,8168.39000000
281,8170.79000000,8670.00000000,8115.00000000,8560.74000000
282,8562.15000000,8644.00000000,8414.52000000,8558.03000000
283,8557.82000000,8779.51000000,8212.38000000,8258.50000000
284,8257.95000000,8400.00000000,8250.00000000,8300.09000000
285,8301.98000000,8451.37000000,8160.00000000,8275.01000000
286,8275.24000000,8388.85000000,8203.00000000,8348.20000000
287,8346.86000000,8403.00000000,8090.00000000,8159.29000000
288,8159.30000000,8181.16000000,7917.00000000,7991.74000000
289,7995.02000000,8124.92000000,7929.03000000,8070.58000000
290,8070.71000000,8115.00000000,7816.01000000,7947.01000000
291,7946.89000000,8098.10000000,7866.92000000,7948.01000000
292,7949.87000000,8297.00000000,7870.00000000,8223.35000000
293,8223.35000000,8333.00000000,8142.03000000,8197.27000000
294,8197.28000000,8297.99000000,8000.00000000,8020.00000000
295,8020.06000000,8047.59000000,7300.00000000,7466.62000000
296,7468.47000000,7503.68000000,7337.99000000,7412.41000000
297,7412.41000000,8799.00000000,7361.00000000,8655.02000000
298,8655.88000000,10370.00000000,8470.38000000,9230.00000000
299,9230.00000000,9794.98000000,9074.34000000,9529.93000000
300,9528.23000000,9902.10000000,9160.00000000,9205.14000000
301,9204.45000000,9550.00000000,9072.00000000,9407.62000000
302,9407.62000000,9409.84000000,9001.01000000,9154.72000000
303,9154.02000000,9405.00000000,8913.00000000,9140.85000000
304,9140.86000000,9279.00000000,9030.00000000,9231.61000000
305,9231.40000000,9373.74000000,9186.21000000,9289.52000000
306,9289.85000000,9362.57000000,9066.14000000,9194.71000000
307,9196.46000000,9513.68000000,9115.84000000,9393.35000000
308,9392.40000000,9454.95000000,9175.76000000,9308.66000000
309,9307.73000000,9440.91000000,9250.01000000,9339.05000000
310,9339.16000000,9375.00000000,9101.00000000,9216.20000000
311,9214.00000000,9261.00000000,8696.00000000,8773.73000000
312,8773.74000000,8880.00000000,8724.88000000,8809.41000000
313,8809.18000000,9147.19000000,8750.00000000,9039.47000000
314,9040.16000000,9072.32000000,8618.68000000,8733.27000000
315,8733.36000000,8888.00000000,8567.60000000,8821.94000000
316,8821.91000000,8844.99000000,8702.00000000,8777.12000000
317,8777.54000000,8800.00000000,8582.60000000,8646.68000000
318,8646.38000000,8790.00000000,8400.00000000,8471.73000000
319,8471.62000000,8543.00000000,8400.00000000,8491.02000000
320,8490.74000000,8635.00000000,8350.68000000,8502.40000000
321,8502.87000000,8503.52000000,8060.00000000,8187.17000000
322,8186.50000000,8218.63000000,8003.00000000,8133.64000000
323,8133.83000000,8264.29000000,8038.40000000,8098.01000000
324,8098.56000000,8134.73000000,7500.00000000,7627.74000000
325,7627.79000000,7750.00000000,6790.00000000,7268.23000000
326,7268.23000000,7344.48000000,7080.01000000,7311.57000000
327,7311.10000000,7330.39000000,6861.00000000,6903.28000000
328,6900.23000000,7377.69000000,6515.00000000,7109.57000000
329,7109.99000000,7340.00000000,7017.48000000,7156.14000000
330,7154.75000000,7655.00000000,6840.00000000,7508.52000000
331,7507.90000000,7643.00000000,7360.00000000,7419.49000000
332,7418.52000000,7850.00000000,7362.30000000,7739.68000000
333,7740.99000000,7810.00000000,7441.00000000,7541.89000000
334,7540.63000000,7541.85000000,7210.00000000,7390.89000000
335,7391.50000000,7420.56000000,7151.10000000,7294.28000000
336,7294.42000000,7400.00000000,7241.35000000,7292.71000000
337,7292.71000000,7750.00000000,7067.00000000,7194.32000000
338,7194.59000000,7485.00000000,7150.00000000,7389.00000000
339,7389.00000000,7590.03000000,7305.00000000,7527.47000000
340,7527.80000000,7619.62000000,7470.16000000,7488.21000000
341,7487.31000000,7564.00000000,7374.86000000,7510.11000000
342,7510.11000000,7650.00000000,7273.00000000,7338.64000000
343,7338.64000000,7407.60000000,7157.10000000,7224.13000000
344,7224.15000000,7275.50000000,7125.66000000,7210.00000000
345,7210.00000000,7295.00000000,7080.30000000,7198.08000000
346,7197.76000000,7309.05000000,7190.76000000,7258.48000000
347,7257.37000000,7271.77000000,7012.00000000,7064.05000000
348,7064.14000000,7200.30000000,7008.35000000,7118.59000000
349,7119.60000000,7150.00000000,6836.00000000,6891.72000000
350,6891.44000000,6942.21000000,6560.00000000,6623.82000000
351,6623.84000000,7440.00000000,6435.00000000,7277.83000000
352,7277.83000000,7380.00000000,7038.31000000,7150.30000000
353,7151.31000000,7220.00000000,7079.50000000,7187.83000000
354,7188.01000000,7190.58000000,7105.00000000,7132.75000000
355,7131.59000000,7518.54000000,7122.47000000,7501.44000000
356,7500.71000000,7695.38000000,7265.84000000,7317.09000000
357,7317.30000000,7436.68000000,7157.04000000,7255.77000000
358,7255.77000000,7271.77000000,7128.86000000,7204.63000000
359,7205.01000000,7435.00000000,7157.12000000,7202.00000000
360,7202.00000000,7275.86000000,7076.42000000,7254.74000000
361,7254.77000000,7365.01000000,7238.67000000,7316.14000000
362,7315.36000000,7528.45000000,7288.00000000,7388.24000000
363,7388.43000000,7408.24000000,7220.00000000,7246.00000000
364,7246.00000000,7320.00000000,7145.01000000,7195.23000000
365,7195.24000000,7255.00000000,7175.15000000,7200.85000000
366,7200.77000000,7212.50000000,6924.74000000,6965.71000000
367,6965.49000000,7405.00000000,6871.04000000,7344.96000000
368,7345.00000000,7404.00000000,7272.21000000,7354.11000000
369,7354.19000000,7495.00000000,7318.00000000,7358.75000000
370,7357.64000000,7795.34000000,7346.76000000,7758.00000000
371,7758.90000000,8207.68000000,7723.71000000,8145.28000000
372,8145.92000000,8455.00000000,7870.00000000,8055.98000000
373,8054.72000000,8055.96000000,7750.00000000,7817.76000000
374,7817.74000000,8199.00000000,7672.00000000,8197.02000000
375,8198.86000000,8286.34000000,8003.16000000,8020.01000000
376,8020.01000000,8197.00000000,7960.00000000,8184.98000000
377,8184.97000000,8196.00000000,8055.89000000,8110.34000000
378,8110.34000000,8880.00000000,8105.54000000,8810.01000000
379,8814.64000000,8916.48000000,8564.00000000,8821.41000000
380,8820.01000000,8859.81000000,8586.00000000,8720.01000000
381,8720.15000000,9041.65000000,8672.44000000,8913.28000000
382,8913.27000000,8988.88000000,8806.38000000,8915.96000000
383,8915.09000000,9198.98000000,8466.00000000,8701.70000000
384,8701.72000000,8746.99000000,8521.28000000,8642.35000000
385,8642.35000000,8789.00000000,8488.00000000,8736.03000000
386,8736.04000000,8818.00000000,8590.00000000,8682.36000000
387,8682.77000000,8691.81000000,8306.39000000,8404.52000000
388,8404.52000000,8528.02000000,8238.00000000,8439.00000000
389,8438.99000000,8451.26000000,8254.90000000,8340.58000000
390,8340.01000000,8618.13000000,8293.66000000,8615.00000000
391,8614.39000000,9000.00000000,8535.00000000,8907.57000000
392,8907.57000000,9400.00000000,8862.40000000,9374.21000000
393,9375.34000000,9449.24000000,9216.00000000,9301.53000000
394,9301.57000000,9578.00000000,9204.44000000,9513.21000000
395,9511.52000000,9530.22000000,9210.01000000,9352.89000000
396,9351.71000000,9464.53000000,9281.00000000,9384.61000000
397,9384.41000000,9477.03000000,9120.00000000,9331.51000000
398,9331.59000000,9618.79000000,9234.00000000,9292.24000000
399,9291.35000000,9350.00000000,9093.01000000,9197.02000000
400,9197.02000000,9744.45000000,9177.22000000,9612.04000000
401,9612.03000000,9862.57000000,9526.35000000,9772.00000000
402,9772.00000000,9885.00000000,9730.00000000,9813.73000000
403,9813.87000000,9940.00000000,9667.11000000,9895.05000000
404,9895.04000000,10166.00000000,9880.75000000,10151.75000000
405,10151.72000000,10188.00000000,9756.00000000,9851.83000000
406,9851.74000000,10323.59000000,9700.00000000,10223.08000000
407,10223.08000000,10450.00000000,10223.08000000,10326.46000000
408,10325.33000000,10500.00000000,10080.00000000,10229.63000000
409,10227.78000000,10381.56000000,10111.37000000,10344.36000000
410,10344.36000000,10375.00000000,9801.00000000,9904.72000000
411,9904.46000000,10050.00000000,9638.12000000,9917.27000000
412,9910.70000000,9964.16000000,9452.67000000,9706.00000000
413,9706.00000000,10250.00000000,9576.01000000,10164.71000000
414,10164.78000000,10250.00000000,9350.00000000,9593.79000000
415,9594.65000000,9699.00000000,9400.00000000,9596.42000000
416,9597.21000000,9755.51000000,9550.21000000,9677.05000000
417,9677.05000000,9709.17000000,9560.02000000,9650.86000000
418,9650.85000000,9990.00000000,9645.00000000,9936.40000000
419,9936.40000000,9990.00000000,9473.56000000,9656.13000000
420,9655.52000000,9675.00000000,9250.00000000,9315.84000000
421,9316.48000000,9377.44000000,8633.63000000,8785.25000000
422,8786.00000000,8971.77000000,8531.00000000,8823.21000000
423,8823.25000000,8900.00000000,8445.00000000,8692.91000000
424,8690.80000000,8790.00000000,8523.55000000,8523.61000000
425,8523.61000000,8750.00000000,8411.00000000,8531.88000000
426,8530.30000000,8965.75000000,8498.00000000,8915.24000000
427,8911.18000000,8919.65000000,8651.00000000,8760.07000000
428,8760.07000000,8848.29000000,8660.00000000,8750.87000000
429,8750.99000000,9159.42000000,8746.54000000,9054.68000000
430,9054.64000000,9170.00000000,8985.50000000,9131.88000000
431,9130.89000000,9188.00000000,8835.00000000,8886.66000000
432,8885.25000000,8886.76000000,8000.00000000,8033.31000000
433,8034.76000000,8179.31000000,7632.01000000,7929.87000000
434,7929.87000000,8149.00000000,7728.01000000,7894.56000000
435,7894.57000000,7980.00000000,7590.00000000,7934.52000000
436,7934.58000000,7966.17000000,4410.00000000,4800.00000000
437,4800.01000000,5955.00000000,3782.13000000,5578.60000000
438,5576.05000000,5640.52000000,5055.13000000,5172.06000000
439,5172.48000000,5940.00000000,5093.10000000,5361.30000000
440,5360.33000000,5365.42000000,4442.12000000,5028.97000000
441,5028.86000000,5525.00000000,4921.45000000,5312.64000000
442,5312.64000000,5436.17000000,5009.37000000,5393.04000000
443,5393.26000000,6400.00000000,5252.53000000,6162.37000000
444,6162.05000000,6900.00000000,5670.00000000,6208.36000000
445,6204.57000000,6456.98000000,5860.02000000,6186.98000000
446,6187.04000000,6407.87000000,5734.01000000,5816.19000000
447,5816.05000000,6600.00000000,5688.00000000,6467.31000000
448,6465.25000000,6833.00000000,6371.33000000,6744.72000000
449,6744.69000000,6957.96000000,6450.00000000,6677.43000000
450,6677.42000000,6780.00000000,6510.00000000,6737.36000000
451,6737.27000000,6842.59000000,6261.00000000,6359.11000000
452,6359.11000000,6360.00000000,6024.00000000,6236.65000000
453,6236.65000000,6266.00000000,5866.56000000,5881.42000000
454,5880.50000000,6599.00000000,5857.76000000,6394.38000000
455,6394.45000000,6523.23000000,6321.40000000,6410.44000000
456,6412.14000000,6679.94000000,6150.11000000,6642.92000000
457,6643.36000000,7198.00000000,6551.00000000,6794.09000000
458,6793.86000000,7048.00000000,6602.10000000,6734.10000000
459,6732.97000000,6990.41000000,6650.01000000,6856.99000000
460,6857.41000000,6895.54000000,6677.52000000,6772.78000000
461,6772.78000000,7355.14000000,6765.00000000,7329.90000000
462,7329.90000000,7459.69000000,7077.00000000,7197.32000000
463,7197.32000000,7420.00000000,7150.00000000,7361.28000000
464,7360.26000000,7371.92000000,7108.08000000,7283.54000000
465,7283.54000000,7295.75000000,6739.98000000,6858.92000000
466,6858.92000000,6944.30000000,6760.00000000,6876.83000000
467,6876.84000000,7177.00000000,6780.00000000,6903.79000000
468,6903.79000000,6903.79000000,6575.00000000,6837.91000000
469,6838.04000000,6978.00000000,6754.28000000,6868.70000000
470,6868.57000000,6933.00000000,6605.00000000,6621.24000000
471,6621.25000000,7190.00000000,6468.27000000,7101.94000000
472,7101.99000000,7148.12000000,6972.98000000,7027.55000000
473,7026.78000000,7293.08000000,7014.40000000,7248.60000000
474,7248.60000000,7266.15000000,7055.60000000,7120.74000000
475,7121.40000000,7220.00000000,6751.00000000,6826.83000000
476,6828.98000000,6940.00000000,6762.00000000,6841.37000000
477,6841.36000000,7156.38000000,6818.00000000,7125.14000000
478,7125.12000000,7738.00000000,7020.00000000,7482.39000000
479,7483.96000000,7615.96000000,7388.00000000,7505.00000000
480,7505.00000000,7705.00000000,7431.07000000,7538.67000000
481,7539.03000000,7700.00000000,7480.00000000,7693.10000000
482,7693.10000000,7792.02000000,7606.00000000,7774.62000000
483,7773.51000000,7780.00000000,7659.12000000,7738.98000000
484,7738.58000000,8952.89000000,7710.05000000,8778.57000000
485,8778.58000000,9460.00000000,8401.00000000,8620.00000000
486,8620.00000000,9059.18000000,8613.56000000,8826.96000000
487,8825.67000000,9010.00000000,8753.00000000,8972.05000000
488,8972.58000000,9200.00000000,8712.00000000,8894.16000000
489,8894.15000000,8950.00000000,8522.00000000,8871.96000000
490,8871.92000000,9118.58000000,8760.00000000,9021.83000000
491,9021.36000000,9395.00000000,8906.21000000,9142.92000000
492,9143.40000000,10067.00000000,9021.00000000,9986.40000000
493,9986.30000000,10035.96000000,9705.00000000,9800.01000000
494,9800.02000000,9914.25000000,9520.00000000,9539.40000000
495,9539.10000000,9574.83000000,8117.00000000,8722.77000000
496,8722.77000000,9168.00000000,8200.00000000,8561.52000000
497,8562.04000000,8978.26000000,8528.78000000,8810.79000000
498,8810.99000000,9398.00000000,8792.99000000,9309.37000000
499,9309.35000000,9939.00000000,9256.76000000,9791.98000000
500,9791.97000000,9845.62000000,9150.00000000,9316.42000000
501,9315.96000000,9588.00000000,9220.00000000,9381.27000000
502,9380.81000000,9888.00000000,9322.10000000,9680.04000000
503,9681.11000000,9950.00000000,9464.23000000,9733.93000000
504,9733.93000000,9897.21000000,9474.00000000,9775.53000000
505,9775.13000000,9842.00000000,9326.00000000,9511.43000000
506,9511.43000000,9578.47000000,8815.00000000,9068.65000000
507,9067.51000000,9271.00000000,8933.52000000,9170.00000000
508,9170.00000000,9307.85000000,9070.00000000,9179.15000000
509,9179.01000000,9298.00000000,8700.00000000,8720.34000000
510,8718.14000000,8979.66000000,8642.72000000,8900.35000000
511,8900.35000000,9017.67000000,8700.00000000,8841.18000000
512,8841.00000000,9225.00000000,8811.73000000,9204.07000000
513,9204.07000000,9625.47000000,9110.00000000,9575.89000000
514,9575.87000000,9605.26000000,9330.00000000,9427.07000000
515,9426.60000000,9740.00000000,9331.23000000,9697.72000000
516,9697.72000000,9700.00000000,9381.41000000,9448.27000000
517,9448.27000000,10380.00000000,9421.67000000,10200.77000000
518,10202.71000000,10228.99000000,9266.00000000,9518.04000000
519,9518.02000000,9690.00000000,9365.21000000,9666.24000000
520,9666.32000000,9881.63000000,9450.00000000,9789.06000000
521,9788.14000000,9854.75000000,9581.00000000,9621.16000000
522,9621.17000000,9735.00000000,9531.05000000,9666.30000000
523,9666.85000000,9802.00000000,9372.46000000,9746.99000000
524,9746.99000000,9800.00000000,9633.00000000,9782.01000000
525,9782.00000000,9877.00000000,9570.00000000,9772.43000000
526,9772.44000000,9992.72000000,9704.18000000,9885.00000000
527,9885.22000000,9964.00000000,9113.00000000,9280.40000000
528,9278.88000000,9557.12000000,9232.51000000,9465.13000000
529,9464.96000000,9494.73000000,9351.00000000,9473.34000000
530,9473.34000000,9480.99000000,9245.00000000,9342.10000000
531,9342.10000000,9495.00000000,8910.45000000,9426.02000000
532,9426.05000000,9589.00000000,9373.09000000,9525.59000000
533,9526.97000000,9565.00000000,9236.61000000,9465.14000000
534,9465.13000000,9489.00000000,9280.00000000,9386.32000000
535,9386.32000000,9438.30000000,9215.79000000,9310.23000000
536,9310.23000000,9395.00000000,9170.95000000,9358.95000000
537,9358.95000000,9422.00000000,9281.54000000,9294.69000000
538,9294.69000000,9780.00000000,9277.09000000,9685.69000000
539,9685.69000000,9720.00000000,9577.03000000,9624.89000000
540,9624.33000000,9670.00000000,9208.00000000,9296.49000000
541,9298.33000000,9340.00000000,9009.69000000,9249.49000000
542,9249.49000000,9298.00000000,9045.45000000,9162.21000000
543,9162.21000000,9196.24000000,8833.00000000,9012.00000000
544,9012.00000000,9191.00000000,8948.06000000,9116.35000000
545,9116.16000000,9238.00000000,9024.67000000,9192.56000000
546,9192.93000000,9205.00000000,9064.89000000,9138.55000000
547,9138.08000000,9292.00000000,9080.10000000,9232.00000000
548,9231.99000000,9261.96000000,8940.00000000,9086.54000000
549,9086.54000000,9125.00000000,9037.47000000,9058.26000000
550,9057.79000000,9190.00000000,9040.04000000,9135.46000000
551,9135.00000000,9145.24000000,8893.03000000,9069.41000000
552,9069.41000000,9375.00000000,9055.92000000,9344.20000000
553,9342.47000000,9379.42000000,9203.00000000,9257.39000000
554,9257.40000000,9470.00000000,9231.00000000,9436.06000000
555,9436.06000000,9440.79000000,9160.00000000,9232.43000000
556,9232.42000000,9317.48000000,9125.00000000,9288.34000000
557,9288.34000000,9299.28000000,9178.25000000,9234.03000000
558,9234.02000000,9345.00000000,9157.50000000,9302.75000000
559,9303.31000000,9343.82000000,9200.89000000,9242.62000000
560,9242.61000000,9279.54000000,9113.00000000,9255.85000000
561,9255.85000000,9276.49000000,9160.57000000,9197.60000000
562,9197.60000000,9226.15000000,9047.25000000,9133.72000000
563,9133.72000000,9186.83000000,9089.81000000,9154.32000000
564,9154.31000000,9219.30000000,9121.10000000,9170.28000000
565,9170.30000000,9232.27000000,9101.35000000,9208.99000000
566,9208.99000000,9221.52000000,9131.00000000,9160.78000000
567,9160.78000000,9437.73000000,9152.80000000,9390.00000000
568,9390.00000000,9544.00000000,9261.00000000,9518.16000000
569,9518.16000000,9664.00000000,9440.33000000,9603.27000000
570,9603.27000000,9637.00000000,9463.44000000,9537.80000000
571,9538.10000000,9732.90000000,9513.00000000,9700.42000000
572,9700.42000000,10111.00000000,9650.00000000,9931.54000000
573,9931.54000000,11394.86000000,9917.21000000,11029.96000000
574,11029.96000000,11242.23000000,10565.00000000,10906.27000000
575,10906.27000000,11342.82000000,10812.00000000,11100.53000000
576,11100.52000000,11170.00000000,10831.00000000,11099.61000000
577,11099.79000000,11444.00000000,10960.00000000,11335.46000000
578,11335.46000000,11861.00000000,11220.00000000,11801.17000000
579,11801.17000000,12123.46000000,10518.50000000,11071.35000000
580,11071.36000000,11473.00000000,10936.00000000,11219.81000000
581,11219.68000000,11414.98000000,11000.00000000,11191.97000000
582,11191.99000000,11780.93000000,11093.00000000,11744.91000000
583,11744.91000000,11900.00000000,11562.50000000,11762.46000000
584,11762.47000000,11909.94000000,11322.00000000,11594.23000000
585,11594.36000000,11808.27000000,11512.00000000,11761.41000000
586,11761.02000000,11797.11000000,11521.97000000,11681.68000000
587,11681.69000000,12067.35000000,11450.00000000,11892.92000000
588,11892.90000000,11935.00000000,11125.00000000,11392.08000000
589,11392.09000000,11617.52000000,11150.00000000,11564.33000000
590,11564.34000000,11792.96000000,11270.36000000,11780.00000000
591,11779.77000000,11850.00000000,11634.03000000,11760.54000000
592,11760.55000000,11980.00000000,11680.00000000,11852.40000000
593,11852.40000000,11931.72000000,11686.00000000,11911.00000000
594,11910.99000000,12468.00000000,11769.78000000,12281.13000000
595,12281.15000000,12387.77000000,11817.93000000,11945.01000000
596,11945.10000000,12020.08000000,11561.00000000,11754.59000000
597,11754.38000000,11888.00000000,11668.00000000,11853.55000000
598,11853.54000000,11878.00000000,11485.81000000,11531.34000000
599,11531.23000000,11686.00000000,11376.81000000,11662.96000000
600,11663.51000000,11718.07000000,11514.13000000,11648.13000000
601,11648.12000000,11824.90000000,11585.09000000,11748.20000000
602,11748.19000000,11767.85000000,11117.64000000,11318.42000000
603,11318.42000000,11539.32000000,11244.00000000,11461.43000000
604,11461.42000000,11592.20000000,11125.00000000,11330.38000000
605,11330.38000000,11542.65000000,11276.89000000,11526.91000000
606,11526.90000000,11580.02000000,11417.04000000,11465.84000000
607,11465.84000000,11719.00000000,11458.00000000,11711.16000000
608,11711.17000000,11800.77000000,11570.00000000,11649.51000000
609,11649.51000000,12050.85000000,11515.00000000,11921.97000000
610,11921.97000000,11954.57000000,11160.10000000,11388.54000000
611,11388.54000000,11462.60000000,9960.80000000,10140.85000000
612,10138.29000000,10627.05000000,9875.50000000,10446.25000000
613,10446.25000000,10565.68000000,9825.00000000,10166.69000000
614,10166.69000000,10347.14000000,9994.86000000,10256.20000000
615,10255.89000000,10410.75000000,9875.00000000,10373.44000000
616,10373.45000000,10438.00000000,9850.00000000,10126.65000000
617,10126.66000000,10343.00000000,9981.01000000,10219.20000000
618,10219.29000000,10483.35000000,10070.83000000,10336.87000000
619,10336.86000000,10397.60000000,10200.00000000,10387.89000000
620,10387.89000000,10477.97000000,10269.25000000,10440.92000000
621,10440.67000000,10580.11000000,10200.00000000,10332.83000000
622,10332.84000000,10750.00000000,10212.34000000,10671.77000000
623,10671.77000000,10930.04000000,10606.48000000,10785.31000000
624,10785.23000000,11093.00000000,10661.22000000,10954.01000000
625,10954.01000000,11045.46000000,10745.83000000,10939.99000000
626,10940.00000000,11038.03000000,10812.84000000,10933.39000000
627,10933.40000000,11179.79000000,10887.37000000,11080.65000000
628,11080.64000000,11080.64000000,10723.00000000,10920.28000000
629,10920.28000000,10988.86000000,10296.35000000,10417.22000000
630,10417.22000000,10572.71000000,10353.00000000,10529.61000000
631,10529.61000000,10537.15000000,10136.82000000,10241.46000000
632,10241.46000000,10795.24000000,10190.93000000,10736.32000000
633,10736.33000000,10760.53000000,10556.24000000,10686.67000000
634,10686.57000000,10820.94000000,10644.68000000,10728.60000000
635,10728.59000000,10799.00000000,10594.82000000,10774.25000000
636,10774.26000000,10950.00000000,10626.00000000,10696.12000000
637,10696.11000000,10867.54000000,10635.87000000,10840.48000000
638,10840.58000000,10849.34000000,10665.13000000,10776.59000000
639,10776.59000000,10920.00000000,10437.00000000,10619.13000000
640,10619.13000000,10664.64000000,10374.00000000,10570.40000000
641,10570.40000000,10603.56000000,10496.46000000,10542.06000000
642,10542.07000000,10696.87000000,10517.87000000,10666.63000000
643,10666.62000000,10798.00000000,10615.64000000,10792.21000000
644,10792.20000000,10800.00000000,10525.00000000,10599.66000000
645,10599.65000000,10681.87000000,10546.17000000,10666.39000000
646,10666.40000000,10950.00000000,10530.41000000,10925.57000000
647,10925.44000000,11104.64000000,10829.00000000,11050.64000000
648,11050.64000000,11491.00000000,11050.51000000,11293.22000000
649,11293.22000000,11445.00000000,11221.00000000,11369.02000000
650,11369.02000000,11720.01000000,11172.00000000,11528.25000000
651,11528.24000000,11557.00000000,11300.00000000,11420.56000000
652,11420.57000000,11547.98000000,11280.00000000,11417.89000000
653,11417.89000000,11617.34000000,11250.83000000,11505.12000000
654,11505.13000000,11541.15000000,11200.00000000,11319.32000000
655,11319.24000000,11402.42000000,11255.00000000,11360.20000000
656,11360.31000000,11505.00000000,11346.22000000,11503.14000000
657,11503.14000000,11823.99000000,11407.96000000,11751.47000000
658,11751.46000000,12038.38000000,11677.59000000,11909.99000000
659,11910.00000000,13217.68000000,11886.95000000,12780.96000000
660,12780.75000000,13185.00000000,12678.08000000,12968.52000000
661,12968.84000000,13027.69000000,12720.08000000,12923.07000000
662,12923.06000000,13166.73000000,12870.00000000,13111.73000000
663,13111.73000000,13350.00000000,12888.00000000,13028.83000000
664,13029.64000000,13238.81000000,12765.00000000,13052.19000000
665,13052.15000000,13789.29000000,13019.87000000,13636.17000000
666,13636.16000000,13859.48000000,12888.00000000,13266.40000000
667,13266.40000000,13642.91000000,12920.77000000,13455.70000000
668,13455.69000000,13669.98000000,13115.00000000,13560.10000000
669,13560.10000000,14100.00000000,13411.50000000,13791.00000000
670,13791.00000000,13895.00000000,13603.00000000,13761.50000000
671,13761.49000000,13830.00000000,13195.05000000,13549.37000000
672,13549.63000000,14066.11000000,13284.99000000,14023.53000000
673,14023.53000000,14259.00000000,13525.00000000,14144.01000000
674,14144.01000000,15750.00000000,14093.56000000,15590.02000000
675,15590.02000000,15960.00000000,15166.00000000,15579.92000000
676,15579.93000000,15753.52000000,14344.22000000,14818.30000000
677,14818.30000000,15650.00000000,14703.88000000,15475.10000000
678,15475.10000000,15840.00000000,14805.54000000,15328.41000000
679,15328.41000000,15460.00000000,15072.46000000,15297.21000000
680,15297.21000000,15965.00000000,15272.68000000,15684.24000000
681,15684.25000000,16340.70000000,15440.64000000,16291.86000000
682,16291.85000000,16480.00000000,15952.35000000,16320.70000000
683,16320.04000000,16326.99000000,15670.00000000,16070.45000000
684,16069.56000000,16180.00000000,15774.72000000,15957.00000000
685,15957.00000000,16880.00000000,15864.00000000,16713.57000000
686,16713.08000000,17858.82000000,16538.00000000,17659.38000000
687,17659.38000000,18476.93000000,17214.45000000,17776.12000000
688,17777.75000000,18179.80000000,17335.65000000,17802.82000000
689,17802.81000000,18815.22000000,17740.04000000,18655.67000000
690,18655.66000000,18965.90000000,18308.58000000,18703.80000000
691,18703.80000000,18750.00000000,17610.86000000,18414.43000000
692,18413.88000000,18766.00000000,18000.00000000,18368.00000000
693,18368.01000000,19418.97000000,18018.00000000,19160.01000000
694,19160.00000000,19484.21000000,18500.27000000,18719.11000000
695,18718.83000000,18915.03000000,16188.00000000,17149.47000000
696,17149.47000000,17457.62000000,16438.08000000,17139.52000000
697,17139.53000000,17880.49000000,16865.56000000,17719.85000000
698,17719.84000000,18360.05000000,17517.00000000,18184.99000000
699,18185.00000000,19863.16000000,18184.99000000,19695.87000000
700,19695.87000000,19888.00000000,18001.12000000,18764.96000000
701,18764.96000000,19342.00000000,18330.00000000,19204.09000000
702,19204.08000000,19598.00000000,18867.20000000,19421.90000000
703,19422.34000000,19527.00000000,18565.31000000,18650.52000000
704,18650.51000000,19177.00000000,18500.00000000,19147.66000000
705,19147.66000000,19420.00000000,18857.00000000,19359.40000000
706,19358.67000000,19420.91000000,18902.88000000,19166.90000000
707,19166.90000000,19294.84000000,18200.00000000,18324.11000000
708,18324.11000000,18639.57000000,17650.00000000,18541.28000000
709,18541.29000000,18557.32000000,17911.12000000,18254.63000000
710,18254.81000000,18292.73000000,17572.33000000,18036.53000000
711,18036.53000000,18948.66000000,18020.70000000,18808.69000000
712,18808.69000000,19411.00000000,18711.12000000,19174.99000000
713,19174.99000000,19349.00000000,19000.00000000,19273.14000000
714,19273.69000000,19570.00000000,19050.00000000,19426.43000000
715,19426.43000000,21560.00000000,19278.60000000,21335.52000000
716,21335.52000000,23800.00000000,21230.00000000,22797.16000000
717,22797.15000000,23285.18000000,22350.00000000,23107.39000000
718,23107.39000000,24171.47000000,22750.00000000,23821.61000000
719,23821.60000000,24295.00000000,23060.00000000,23455.52000000
720,23455.54000000,24102.77000000,21815.00000000,22719.71000000
721,22719.88000000,23837.10000000,22353.40000000,23810.79000000
722,23810.79000000,24100.00000000,22600.00000000,23232.76000000
723,23232.39000000,23794.43000000,22703.42000000,23729.20000000
724,23728.99000000,24789.86000000,23433.60000000,24712.47000000
725,24712.47000000,26867.03000000,24500.00000000,26493.39000000
726,26493.40000000,28422.00000000,25700.00000000,26281.66000000
727,26281.54000000,27500.00000000,26101.00000000,27079.41000000
728,27079.42000000,27410.00000000,25880.00000000,27385.00000000
729,27385.00000000,28996.00000000,27320.00000000,28875.54000000
730,28875.55000000,29300.00000000,27850.00000000,28923.63000000
731,28923.63000000,29600.00000000,28624.57000000,29331.69000000
732,29331.70000000,33300.00000000,28946.53000000,32178.33000000
733,32176.45000000,34778.11000000,31962.99000000,33000.05000000
734,33000.05000000,33600.00000000,28130.00000000,31988.71000000
735,31989.75000000,34360.00000000,29900.00000000,33949.53000000
736,33949.53000000,36939.21000000,33288.00000000,36769.36000000
737,36769.36000000,40365.00000000,36300.00000000,39432.28000000
738,39432.48000000,41950.00000000,36500.00000000,40582.81000000
739,40586.96000000,41380.00000000,38720.00000000,40088.22000000
740,40088.22000000,41350.00000000,35111.11000000,38150.02000000
741,38150.02000000,38264.74000000,30420.00000000,35404.47000000
742,35410.37000000,36628.00000000,32531.00000000,34051.24000000
743,34049.15000000,37850.00000000,32380.00000000,37371.38000000
744,37371.38000000,40100.00000000,36701.23000000,39144.50000000
745,39145.21000000,39747.76000000,34408.00000000,36742.22000000
746,36737.43000000,37950.00000000,35357.80000000,35994.98000000
747,35994.98000000,36852.50000000,33850.00000000,35828.61000000
748,35824.99000000,37469.83000000,34800.00000000,36631.27000000
749,36622.46000000,37850.00000000,35844.06000000,35891.49000000
750,35901.94000000,36415.31000000,33400.00000000,35468.23000000
751,35468.23000000,35600.00000000,30071.00000000,30850.13000000
752,30851.99000000,33826.53000000,28850.00000000,32945.17000000
753,32950.00000000,33456.00000000,31390.16000000,32078.00000000
754,32078.00000000,33071.00000000,30900.00000000,32259.90000000
755,32259.45000000,34875.00000000,31910.00000000,32254.20000000
756,32254.19000000,32921.88000000,30837.37000000,32467.77000000
757,32464.01000000,32557.29000000,29241.72000000,30366.15000000
758,30362.19000000,33783.98000000,29842.10000000,33364.86000000
759,33368.18000000,38531.90000000,31915.40000000,34252.20000000
760,34246.28000000,34933.00000000,32825.00000000,34262.88000000
761,34262.89000000,34342.69000000,32171.67000000,33092.98000000
762,33092.97000000,34717.27000000,32296.16000000,33526.37000000
763,33517.09000000,35984.33000000,33418.00000000,35466.24000000
764,35472.71000000,37662.63000000,35362.38000000,37618.87000000
765,37620.26000000,38708.27000000,36161.95000000,36936.66000000
766,36936.65000000,38310.12000000,36570.00000000,38290.24000000
767,38289.32000000,40955.51000000,38215.94000000,39186.94000000
768,39181.01000000,39700.00000000,37351.00000000,38795.69000000
769,38795.69000000,46794.45000000,37988.89000000,46374.87000000
770,46374.86000000,48142.19000000,44961.09000000,46420.42000000
771,46420.42000000,47310.00000000,43727.00000000,44807.58000000
772,44807.58000000,48678.90000000,43994.02000000,47969.51000000
773,47968.66000000,48985.80000000,46125.00000000,47287.60000000
774,47298.15000000,48150.00000000,46202.53000000,47153.69000000
775,47156.78000000,49707.43000000,47014.17000000,48577.79000000
776,48580.47000000,49010.92000000,45570.79000000,47911.10000000
777,47911.10000000,50689.18000000,47003.62000000,49133.45000000
778,49133.45000000,52618.74000000,48947.00000000,52119.71000000
779,52117.67000000,52530.00000000,50901.90000000,51552.60000000
780,51552.61000000,56368.00000000,50710.20000000,55906.00000000
781,55906.00000000,57700.46000000,53863.93000000,55841.19000000
782,55841.19000000,58352.80000000,55477.59000000,57408.57000000
783,57412.35000000,57508.47000000,47622.00000000,54087.67000000
784,54087.67000000,54183.59000000,44892.56000000,48891.00000000
785,48891.00000000,51374.99000000,46988.69000000,49676.20000000
786,49676.21000000,52041.73000000,46674.34000000,47073.73000000
787,47073.73000000,48424.11000000,44106.78000000,46276.87000000
788,46276.88000000,48394.00000000,45000.00000000,46106.43000000
789,46103.67000000,46638.46000000,43000.00000000,45135.66000000
790,45134.11000000,49790.00000000,44950.53000000,49587.03000000
791,49595.76000000,50200.00000000,47047.60000000,48440.65000000
792,48436.61000000,52640.00000000,48100.71000000,50349.37000000
793,50349.37000000,51773.88000000,47500.00000000,48374.09000000
794,48374.09000000,49448.93000000,46300.00000000,48751.71000000
795,48746.81000000,49200.00000000,47070.00000000,48882.20000000
796,48882.20000000,51450.03000000,48882.20000000,50971.75000000
797,50959.11000000,52402.78000000,49274.67000000,52375.17000000
798,52375.18000000,54895.00000000,51789.41000000,54884.50000000
799,54874.67000000,57387.69000000,53005.00000000,55851.59000000
800,55851.59000000,58150.00000000,54272.82000000,57773.16000000
801,57773.15000000,58081.51000000,54962.84000000,57221.72000000
802,57221.72000000,61844.00000000,56078.23000000,61188.39000000
803,61188.38000000,61724.79000000,58966.78000000,58968.31000000
804,58976.08000000,60633.43000000,54600.00000000,55605.20000000
805,55605.20000000,56938.29000000,53271.34000000,56900.75000000
806,56900.74000000,58974.73000000,54123.69000000,58912.97000000
807,58912.97000000,60129.97000000,57023.00000000,57648.16000000
808,57641.00000000,59468.00000000,56270.74000000,58030.01000000
809,58030.01000000,59880.00000000,57820.17000000,58102.28000000
810,58100.02000000,58589.10000000,55450.11000000,57351.56000000
811,57351.56000000,58430.73000000,53650.00000000,54083.25000000
812,54083.25000000,55830.90000000,53000.00000000,54340.89000000
813,54342.80000000,57200.00000000,51700.00000000,52303.65000000
814,52303.66000000,53287.00000000,50427.56000000,51293.78000000
815,51293.78000000,55073.46000000,51214.60000000,55025.59000000
816,55025.59000000,56700.36000000,53950.00000000,55817.14000000
817,55817.14000000,56559.75000000,54691.84000000,55777.63000000
818,55777.65000000,58405.82000000,54800.01000000,57635.47000000
819,57635.46000000,59368.00000000,57071.35000000,58746.57000000
820,58746.57000000,59800.00000000,56769.00000000,58740.55000000
821,58739.46000000,59490.00000000,57935.45000000,58720.44000000
822,58720.45000000,60200.00000000,58428.57000000,58950.01000000
823,58950.01000000,59791.72000000,56880.00000000,57051.94000000
824,57051.95000000,58492.85000000,56388.00000000,58202.01000000
825,58202.01000000,59272.00000000,56777.77000000,59129.99000000
826,59129.99000000,59495.24000000,57413.02000000,57991.15000000
827,57990.03000000,58655.00000000,55473.00000000,55953.45000000
828,55953.44000000,58153.31000000,55700.00000000,58077.52000000
829,58077.52000000,58894.90000000,57654.00000000,58142.54000000
830,58142.55000000,61500.00000000,57900.01000000,59769.13000000
831,59769.13000000,60699.00000000,59232.52000000,60002.43000000
832,59998.80000000,61300.00000000,59350.59000000,59860.00000000
833,59860.01000000,63777.77000000,59805.15000000,63575.00000000
834,63575.01000000,64854.00000000,61301.00000000,62959.53000000
835,62959.53000000,63800.00000000,62020.00000000,63159.98000000
836,63158.74000000,63520.61000000,60000.00000000,61334.80000000
837,61334.81000000,62506.05000000,59580.91000000,60006.66000000
838,60006.67000000,60499.00000000,50931.30000000,56150.01000000
839,56150.01000000,57526.81000000,54221.58000000,55633.14000000
840,55633.14000000,57076.24000000,53329.96000000,56425.00000000
841,56425.00000000,56757.91000000,53536.02000000,53787.63000000
842,53787.62000000,55521.48000000,50500.00000000,51690.96000000
843,51690.95000000,52131.85000000,47500.00000000,51125.14000000
844,51110.56000000,51166.22000000,48657.14000000,50047.84000000
845,50047.84000000,50567.91000000,46930.00000000,49066.77000000
846,49066.76000000,54356.62000000,48753.44000000,54001.39000000
847,54001.38000000,55460.00000000,53222.00000000,55011.97000000
848,55011.97000000,56428.00000000,53813.16000000,54846.22000000
849,54846.23000000,55195.84000000,52330.94000000,53555.00000000
850,53555.00000000,57963.00000000,53013.01000000,57694.27000000
851,57697.25000000,58458.07000000,56956.14000000,57800.37000000
852,57797.35000000,57911.02000000,56035.25000000,56578.21000000
853,56578.21000000,58981.44000000,56435.00000000,57169.39000000
854,57169.39000000,57200.00000000,53046.69000000,53200.01000000
855,53205.05000000,58069.82000000,52900.00000000,57436.11000000
856,57436.11000000,58360.00000000,55200.00000000,56393.68000000
857,56393.68000000,58650.00000000,55241.63000000,57314.75000000
858,57315.49000000,59500.00000000,56900.00000000,58862.05000000
859,58866.53000000,59300.00000000,56235.66000000,58240.84000000
860,58240.83000000,59500.00000000,53400.00000000,55816.14000000
861,55816.14000000,56862.43000000,54370.00000000,56670.02000000
862,56670.02000000,58000.01000000,48600.00000000,49631.32000000
863,49537.15000000,51367.19000000,46000.00000000,49670.97000000
864,49671.92000000,51483.00000000,48799.75000000,49841.45000000
865,49844.16000000,50700.00000000,46555.00000000,46762.99000000
866,46762.99000000,49795.89000000,43825.39000000,46431.50000000
867,46426.83000000,46686.00000000,42001.00000000,43538.04000000
868,43538.02000000,45799.29000000,42250.02000000,42849.78000000
869,42849.78000000,43584.90000000,30000.00000000,36690.09000000
870,36671.23000000,42451.67000000,34850.00000000,40526.64000000
871,40525.39000000,42200.00000000,33488.00000000,37252.01000000
872,37263.35000000,38829.00000000,35200.62000000,37449.73000000
873,37458.51000000,38270.64000000,31111.01000000,34655.25000000
874,34681.44000000,39920.00000000,34031.00000000,38796.29000000
875,38810.99000000,39791.77000000,36419.62000000,38324.72000000
876,38324.72000000,40841.00000000,37800.44000000,39241.91000000
877,39241.92000000,40411.14000000,37134.27000000,38529.98000000
878,38529.99000000,38877.83000000,34684.00000000,35663.49000000
879,35661.79000000,37338.58000000,33632.76000000,34605.15000000
880,34605.15000000,36488.00000000,33379.00000000,35641.27000000
881,35641.26000000,37499.00000000,34153.84000000,37253.81000000
882,37253.82000000,37894.81000000,35666.00000000,36693.09000000
883,36694.85000000,38225.00000000,35920.00000000,37568.68000000
884,37568.68000000,39476.00000000,37170.00000000,39246.79000000
885,39246.78000000,39289.07000000,35555.15000000,36829.00000000
886,36829.15000000,37925.00000000,34800.00000000,35513.20000000
887,35516.07000000,36480.00000000,35222.00000000,35796.31000000
888,35796.31000000,36900.00000000,33300.00000000,33552.79000000
889,33556.96000000,34068.01000000,31000.00000000,33380.81000000
890,33380.80000000,37534.79000000,32396.82000000,37388.05000000
891,37388.05000000,38491.00000000,35782.00000000,36675.72000000
892,36677.83000000,37680.40000000,35936.77000000,37331.98000000
893,37331.98000000,37463.63000000,34600.36000000,35546.11000000
894,35546.12000000,39380.00000000,34757.00000000,39020.57000000
895,39020.56000000,41064.05000000,38730.00000000,40516.29000000
896,40516.28000000,41330.00000000,39506.40000000,40144.04000000
897,40143.80000000,40527.14000000,38116.01000000,38349.01000000
898,38349.00000000,39559.88000000,37365.00000000,38092.97000000
899,38092.97000000,38202.84000000,35129.29000000,35819.84000000
900,35820.48000000,36457.00000000,34803.52000000,35483.72000000
901,35483.72000000,36137.72000000,33336.00000000,35600.16000000
902,35600.17000000,35750.00000000,31251.23000000,31608.93000000
903,31614.12000000,33298.78000000,28805.00000000,32509.56000000
904,32509.56000000,34881.00000000,31683.00000000,33678.07000000
905,33675.07000000,35298.00000000,32286.57000000,34663.09000000
906,34663.08000000,35500.00000000,31275.00000000,31584.45000000
907,31576.09000000,32730.00000000,30151.00000000,32283.65000000
908,32283.65000000,34749.00000000,31973.45000000,34700.34000000
909,34702.49000000,35297.71000000,33862.72000000,34494.89000000
910,34494.89000000,36600.00000000,34225.43000000,35911.73000000
911,35911.72000000,36100.00000000,34017.55000000,35045.00000000
912,35045.00000000,35057.57000000,32711.00000000,33504.69000000
913,33502.33000000,33977.04000000,32699.00000000,33786.55000000
914,33786.54000000,34945.61000000,33316.73000000,34669.13000000
915,34669.12000000,35967.85000000,34357.15000000,35286.51000000
916,35288.13000000,35293.78000000,33125.55000000,33690.14000000
917,33690.15000000,35118.88000000,33532.00000000,34220.01000000
918,34220.02000000,35059.09000000,33777.77000000,33862.12000000
919,33862.11000000,33929.64000000,32077.00000000,32875.71000000
920,32875.71000000,34100.00000000,32261.07000000,33815.81000000
921,33815.81000000,34262.00000000,33004.78000000,33502.87000000
922,33502.87000000,34666.00000000,33306.47000000,34258.99000000
923,34259.00000000,34678.43000000,32658.34000000,33086.63000000
924,33086.94000000,33340.00000000,32202.25000000,32729.77000000
925,32729.12000000,33114.03000000,31550.00000000,32820.02000000
926,32820.03000000,33185.25000000,31133.00000000,31880.00000000
927,31874.49000000,32249.18000000,31020.00000000,31383.87000000
928,31383.86000000,31955.92000000,31164.31000000,31520.07000000
929,31520.07000000,32435.00000000,31108.97000000,31778.56000000
930,31778.57000000,31899.00000000,30407.44000000,30839.65000000
931,30839.65000000,31063.07000000,29278.00000000,29790.35000000
932,29790.34000000,32858.00000000,29482.61000000,32144.51000000
933,32144.51000000,32591.35000000,31708.00000000,32287.83000000
934,32287.58000000,33650.00000000,31924.32000000,33634.09000000
935,33634.10000000,34500.00000000,33401.14000000,34258.14000000
936,34261.51000000,35398.00000000,33851.12000000,35381.02000000
937,35381.02000000,40550.00000000,35205.78000000,37237.60000000
938,37241.33000000,39542.61000000,36383.00000000,39457.87000000
939,39456.61000000,40900.00000000,38772.00000000,40019.56000000
940,40019.57000000,40640.00000000,39200.00000000,40016.48000000
941,40018.49000000,42316.71000000,38313.23000000,42206.37000000
942,42206.36000000,42448.00000000,41000.15000000,41461.83000000
943,41461.84000000,42599.00000000,39422.01000000,39845.44000000
944,39850.27000000,40480.01000000,38690.00000000,39147.82000000
945,39146.86000000,39780.00000000,37642.03000000,38207.05000000
946,38207.04000000,39969.66000000,37508.56000000,39723.18000000
947,39723.17000000,41350.00000000,37332.70000000,40862.46000000
948,40862.46000000,43392.43000000,39853.86000000,42836.87000000
949,42836.87000000,44700.00000000,42446.41000000,44572.54000000
950,44572.54000000,45310.00000000,43261.00000000,43794.37000000
951,43794.36000000,46454.15000000,42779.00000000,46253.40000000
952,46248.87000000,46700.00000000,44589.46000000,45584.99000000
953,45585.00000000,46743.47000000,45341.14000000,45511.00000000
954,45510.67000000,46218.12000000,43770.00000000,44399.00000000
955,44400.06000000,47886.00000000,44217.39000000,47800.00000000
956,47799.99000000,48144.00000000,45971.03000000,47068.51000000
957,47068.50000000,47372.27000000,45500.00000000,46973.82000000
958,46973.82000000,48053.83000000,45660.00000000,45901.29000000
959,45901.30000000,47160.00000000,44376.00000000,44695.95000000
960,44695.95000000,46000.00000000,44203.28000000,44705.29000000
961,44699.37000000,47033.00000000,43927.70000000,46760.62000000
962,46760.62000000,49382.99000000,46622.99000000,49322.47000000
963,49322.47000000,49757.04000000,48222.00000000,48821.87000000
964,48821.88000000,49500.00000000,48050.00000000,49239.22000000
965,49239.22000000,50500.00000000,49029.00000000,49488.85000000
966,49488.85000000,49860.00000000,47600.00000000,47674.01000000
967,47674.01000000,49264.30000000,47126.28000000,48973.32000000
968,48973.32000000,49352.84000000,46250.00000000,46843.87000000
969,46843.86000000,49149.93000000,46348.00000000,49069.90000000
970,49069.90000000,49299.00000000,48346.88000000,48895.35000000
971,48895.35000000,49632.27000000,47762.54000000,48767.83000000
972,48767.84000000,48888.61000000,46853.00000000,46982.91000000
973,46982.91000000,48246.11000000,46700.00000000,47100.89000000
974,47100.89000000,49156.00000000,46512.00000000,48810.52000000
975,48810.51000000,50450.13000000,48584.06000000,49246.64000000
976,49246.63000000,51000.00000000,48316.84000000,49999.14000000
977,49998.00000000,50535.69000000,49370.00000000,49915.64000000
978,49917.54000000,51900.00000000,49450.00000000,51756.88000000
979,51756.88000000,52780.00000000,50969.33000000,52663.90000000
980,52666.20000000,52920.00000000,42843.05000000,46863.73000000
981,46868.57000000,47340.99000000,44412.02000000,46048.31000000
982,46048.31000000,47399.97000000,45513.08000000,46395.14000000
983,46395.14000000,47033.00000000,44132.29000000,44850.91000000
984,44842.20000000,45987.93000000,44722.22000000,45173.69000000
985,45173.68000000,46460.00000000,44742.06000000,46025.24000000
986,46025.23000000,46880.00000000,43370.00000000,44940.73000000
987,44940.72000000,47250.00000000,44594.44000000,47111.52000000
988,47103.28000000,48500.00000000,46682.32000000,48121.41000000
989,48121.40000000,48557.00000000,47021.10000000,47737.82000000
990,47737.81000000,48150.00000000,46699.56000000,47299.98000000
991,47299.98000000,48843.20000000,47035.56000000,48292.74000000
992,48292.75000000,48372.83000000,46829.18000000,47241.75000000
993,47241.75000000,47347.25000000,42500.00000000,43015.62000000
994,43016.64000000,43639.00000000,39600.00000000,40734.38000000
995,40734.09000000,44000.55000000,40565.39000000,43543.61000000
996,43546.37000000,44978.00000000,43069.09000000,44865.26000000
997,44865.26000000,45200.00000000,40675.00000000,42810.57000000
998,42810.58000000,42966.84000000,41646.28000000,42670.64000000
999,42670.63000000,43950.00000000,40750.00000000,43160.90000000
1000,43160.90000000,44350.00000000,42098.00000000,42147.35000000
1001,42147.35000000,42787.38000000,40888.00000000,41026.54000000
1002,41025.01000000,42590.00000000,40753.88000000,41524.28000000
1003,41524.29000000,44141.37000000,41410.17000000,43824.10000000
1004,43820.01000000,48495.00000000,43283.03000000,48141.61000000
1005,48141.60000000,48336.59000000,47430.18000000,47634.90000000
1006,47634.89000000,49228.08000000,47088.00000000,48200.01000000
1007,48200.01000000,49536.12000000,46891.00000000,49224.94000000
1008,49224.93000000,51886.30000000,49022.40000000,51471.99000000
1009,51471.99000000,55750.00000000,50382.41000000,55315.00000000
1010,55315.00000000,55332.31000000,53357.00000000,53785.22000000
1011,53785.22000000,56100.00000000,53617.61000000,53951.43000000
1012,53955.67000000,55489.00000000,53661.67000000,54949.72000000
1013,54949.72000000,56561.31000000,54080.00000000,54659.00000000
1014,54659.01000000,57839.04000000,54415.06000000,57471.35000000
1015,57471.35000000,57680.00000000,53879.00000000,55996.93000000
1016,55996.91000000,57777.00000000,54167.19000000,57367.00000000
1017,57370.83000000,58532.54000000,56818.05000000,57347.94000000
1018,57347.94000000,62933.00000000,56850.00000000,61672.42000000
1019,61672.42000000,62378.42000000,60150.00000000,60875.57000000
1020,60875.57000000,61718.39000000,58963.00000000,61528.33000000
1021,61528.32000000,62695.78000000,59844.45000000,62009.84000000
1022,62005.60000000,64486.00000000,61322.22000000,64280.59000000
1023,64280.59000000,67000.00000000,63481.40000000,66001.41000000
1024,66001.40000000,66639.74000000,62000.00000000,62193.15000000
1025,62193.15000000,63732.39000000,60000.00000000,60688.22000000
1026,60688.23000000,61747.64000000,59562.15000000,61286.75000000
1027,61286.75000000,61500.00000000,59510.63000000,60852.22000000
1028,60852.22000000,63710.63000000,60650.00000000,63078.78000000
1029,63078.78000000,63293.48000000,59817.55000000,60328.81000000
1030,60328.81000000,61496.00000000,58000.00000000,58413.44000000
1031,58413.44000000,62499.00000000,57820.00000000,60575.89000000
1032,60575.90000000,62980.00000000,60174.81000000,62253.71000000
1033,62253.70000000,62359.25000000,60673.00000000,61859.19000000
1034,61859.19000000,62405.30000000,59945.36000000,61299.80000000
1035,61299.81000000,62437.74000000,59405.00000000,60911.11000000
1036,60911.12000000,64270.00000000,60624.68000000,63219.99000000
1037,63220.57000000,63500.00000000,60382.76000000,62896.48000000
1038,62896.49000000,63086.31000000,60677.01000000,61395.01000000
1039,61395.01000000,62595.72000000,60721.00000000,60937.12000000
1040,60940.18000000,61560.49000000,60050.00000000,61470.61000000
1041,61470.62000000,63286.35000000,61322.78000000,63273.59000000
1042,63273.58000000,67789.00000000,63273.58000000,67525.83000000
1043,67525.82000000,68524.25000000,66222.40000000,66947.66000000
1044,66947.67000000,69000.00000000,62822.90000000,64882.43000000
1045,64882.42000000,65600.07000000,64100.00000000,64774.26000000
1046,64774.25000000,65450.70000000,62278.00000000,64122.23000000
1047,64122.22000000,65000.00000000,63360.22000000,64380.00000000
1048,64380.01000000,65550.51000000,63576.27000000,65519.10000000
1049,65519.11000000,66401.82000000,63400.00000000,63606.74000000
1050,63606.73000000,63617.31000000,58574.07000000,60058.87000000
1051,60058.87000000,60840.23000000,58373.00000000,60344.87000000
1052,60344.86000000,60976.00000000,56474.26000000,56891.62000000
1053,56891.62000000,58320.00000000,55600.00000000,58052.24000000
1054,58057.10000000,59845.00000000,57353.00000000,59707.51000000
1055,59707.52000000,60029.76000000,58486.65000000,58622.02000000
1056,58617.70000000,59444.00000000,55610.00000000,56247.18000000
1057,56243.83000000,58009.99000000,55317.00000000,57541.27000000
1058,57541.26000000,57735.00000000,55837.00000000,57138.29000000
1059,57138.29000000,59398.90000000,57000.00000000,58960.36000000
1060,58960.37000000,59150.00000000,53500.00000000,53726.53000000
1061,53723.72000000,55280.00000000,53610.00000000,54721.03000000
1062,54716.47000000,57445.05000000,53256.64000000,57274.88000000
1063,57274.89000000,58865.97000000,56666.67000000,57776.25000000
1064,57776.25000000,59176.99000000,55875.55000000,56950.56000000
1065,56950.56000000,59053.55000000,56458.01000000,57184.07000000
1066,57184.07000000,57375.47000000,55777.77000000,56480.34000000
1067,56484.26000000,57600.00000000,51680.00000000,53601.05000000
1068,53601.05000000,53859.10000000,42000.30000000,49152.47000000
1069,49152.46000000,49699.05000000,47727.21000000,49396.33000000
1070,49396.32000000,50891.11000000,47100.00000000,50441.92000000
1071,50441.91000000,51936.33000000,50039.74000000,50588.95000000
1072,50588.95000000,51200.00000000,48600.00000000,50471.19000000
1073,50471.19000000,50797.76000000,47320.00000000,47545.59000000
1074,47535.90000000,50125.00000000,46852.00000000,47140.54000000
1075,47140.54000000,49485.71000000,46751.00000000,49389.99000000
1076,49389.99000000,50777.00000000,48638.00000000,50053.90000000
1077,50053.90000000,50189.97000000,45672.75000000,46702.75000000
1078,46702.76000000,48700.41000000,46290.00000000,48343.28000000
1079,48336.95000000,49500.00000000,46547.00000000,48864.98000000
1080,48864.98000000,49436.43000000,47511.00000000,47632.38000000
1081,47632.38000000,47995.96000000,45456.00000000,46131.20000000
1082,46133.83000000,47392.37000000,45500.00000000,46834.48000000
1083,46834.47000000,48300.01000000,46406.91000000,46681.23000000
1084,46681.24000000,47537.57000000,45558.85000000,46914.16000000
1085,46914.17000000,49328.96000000,46630.00000000,48889.88000000
1086,48887.59000000,49576.13000000,48421.87000000,48588.16000000
1087,48588.17000000,51375.00000000,47920.42000000,50838.81000000
1088,50838.82000000,51810.00000000,50384.43000000,50820.00000000
1089,50819.99000000,51156.23000000,50142.32000000,50399.66000000
1090,50399.67000000,51280.00000000,49412.00000000,50775.49000000
1091,50775.48000000,52088.00000000,50449.00000000,50701.44000000
1092,50701.44000000,50704.05000000,47313.01000000,47543.74000000
1093,47543.74000000,48139.08000000,46096.99000000,46464.66000000
1094,46464.66000000,47900.00000000,45900.00000000,47120.87000000
1095,47120.88000000,48548.26000000,45678.00000000,46216.93000000
1096,46216.93000000,47954.63000000,46208.37000000,47722.65000000
1097,47722.66000000,47990.00000000,46654.00000000,47286.18000000
1098,47286.18000000,47570.00000000,45696.00000000,46446.10000000
1099,46446.10000000,47557.54000000,45500.00000000,45832.01000000
1100,45832.01000000,47070.00000000,42500.00000000,43451.13000000
1101,43451.14000000,43816.00000000,42430.58000000,43082.31000000
1102,43082.30000000,43145.83000000,40610.00000000,41566.48000000
1103,41566.48000000,42300.00000000,40501.00000000,41679.74000000
1104,41679.74000000,42786.70000000,41200.02000000,41864.62000000
1105,41864.62000000,42248.50000000,39650.00000000,41822.49000000
1106,41822.49000000,43100.00000000,41268.93000000,42729.29000000
1107,42729.29000000,44322.00000000,42450.00000000,43902.66000000
1108,43902.65000000,44500.00000000,42311.22000000,42560.11000000
1109,42558.35000000,43448.78000000,41725.95000000,43059.96000000
1110,43059.96000000,43800.00000000,42555.00000000,43084.29000000
1111,43084.29000000,43475.00000000,42581.79000000,43071.66000000
1112,43071.66000000,43176.18000000,41540.42000000,42201.62000000
1113,42201.63000000,42691.00000000,41250.00000000,42352.12000000
1114,42352.12000000,42559.13000000,41138.56000000,41660.01000000
1115,41660.00000000,43505.00000000,40553.31000000,40680.91000000
1116,40680.92000000,41100.00000000,35440.45000000,36445.31000000
1117,36445.31000000,36835.22000000,34008.00000000,35071.42000000
1118,35071.42000000,36499.00000000,34601.01000000,36244.55000000
1119,36244.55000000,37550.00000000,32917.17000000,36660.35000000
1120,36660.35000000,37545.14000000,35701.00000000,36958.32000000
1121,36958.32000000,38919.98000000,36234.63000000,36809.34000000
1122,36807.24000000,37234.47000000,35507.01000000,37160.10000000
1123,37160.11000000,38000.00000000,36155.01000000,37716.56000000
1124,37716.57000000,38720.74000000,37268.44000000,38166.84000000
1125,38166.83000000,38359.26000000,37351.63000000,37881.76000000
1126,37881.75000000,38744.00000000,36632.61000000,38466.90000000
1127,38466.90000000,39265.20000000,38000.00000000,38694.59000000
1128,38694.59000000,38855.92000000,36586.95000000,36896.36000000
1129,36896.37000000,37387.00000000,36250.00000000,37311.61000000
1130,37311.98000000,41772.33000000,37026.73000000,41574.25000000
1131,41571.70000000,41913.69000000,40843.01000000,41382.59000000
1132,41382.60000000,42656.00000000,41116.56000000,42380.87000000
1133,42380.87000000,44500.50000000,41645.85000000,43839.99000000
1134,43839.99000000,45492.00000000,42666.00000000,44042.99000000
1135,44043.00000000,44799.00000000,43117.92000000,44372.72000000
1136,44372.71000000,45821.00000000,43174.01000000,43495.44000000
1137,43495.44000000,43920.00000000,41938.51000000,42373.73000000
1138,42373.73000000,43079.49000000,41688.88000000,42217.87000000
1139,42217.87000000,42760.00000000,41870.00000000,42053.66000000
1140,42053.65000000,42842.40000000,41550.56000000,42535.94000000
1141,42535.94000000,44751.40000000,42427.03000000,44544.86000000
1142,44544.85000000,44549.97000000,43307.00000000,43873.56000000
1143,43873.56000000,44164.71000000,40073.21000000,40515.70000000
1144,40515.71000000,40959.88000000,39450.00000000,39974.44000000
1145,39974.45000000,40444.32000000,39639.03000000,40079.17000000
1146,40079.17000000,40125.44000000,38000.00000000,38386.89000000
1147,38386.89000000,39494.35000000,36800.00000000,37008.16000000
1148,37008.16000000,38429.00000000,36350.00000000,38230.33000000
1149,38230.33000000,39249.93000000,37036.79000000,37250.01000000
1150,37250.02000000,39843.00000000,34322.28000000,38327.21000000
1151,38328.68000000,39683.53000000,38014.37000000,39219.17000000
1152,39219.16000000,40348.45000000,38573.18000000,39116.72000000
1153,39116.73000000,39855.70000000,37000.00000000,37699.07000000
1154,37699.08000000,44225.84000000,37450.17000000,43160.00000000
1155,43160.00000000,44949.00000000,42809.98000000,44421.20000000
1156,44421.20000000,45400.00000000,43334.09000000,43892.98000000
1157,43892.99000000,44101.12000000,41832.28000000,42454.00000000
1158,42454.00000000,42527.30000000,38550.00000000,39148.66000000
1159,39148.65000000,39613.24000000,38407.59000000,39397.96000000
1160,39397.97000000,39693.87000000,38088.57000000,38420.81000000
1161,38420.80000000,39547.57000000,37155.00000000,37988.00000000
1162,37988.01000000,39362.08000000,37867.65000000,38730.63000000
1163,38730.63000000,42594.06000000,38656.45000000,41941.71000000
1164,41941.70000000,42039.63000000,38539.73000000,39422.00000000
1165,39422.01000000,40236.26000000,38223.60000000,38729.57000000
1166,38729.57000000,39486.71000000,38660.52000000,38807.36000000
1167,38807.35000000,39310.00000000,37578.51000000,37777.34000000
1168,37777.35000000,39947.12000000,37555.00000000,39671.37000000
1169,39671.37000000,39887.61000000,38098.33000000,39280.33000000
1170,39280.33000000,41718.00000000,38828.48000000,41114.00000000
1171,41114.01000000,41478.82000000,40500.00000000,40917.90000000
1172,40917.89000000,42325.02000000,40135.04000000,41757.51000000
1173,41757.51000000,42400.00000000,41499.29000000,42201.13000000
1174,42201.13000000,42296.26000000,40911.00000000,41262.11000000
1175,41262.11000000,41544.22000000,40467.94000000,41002.25000000
1176,41002.26000000,43361.00000000,40875.51000000,42364.13000000
1177,42364.13000000,43025.96000000,41751.47000000,42882.76000000
1178,42882.76000000,44220.89000000,42560.46000000,43991.46000000
1179,43991.46000000,45094.14000000,43579.00000000,44313.16000000
1180,44313.16000000,44792.99000000,44071.97000000,44511.27000000
1181,44511.27000000,46999.00000000,44421.46000000,46827.76000000
1182,46827.76000000,48189.84000000,46663.56000000,47122.21000000
1183,47122.21000000,48096.47000000,46950.85000000,47434.80000000
1184,47434.79000000,47700.22000000,46445.42000000,47067.99000000
1185,47067.99000000,47600.00000000,45200.00000000,45510.34000000
1186,45510.35000000,46720.09000000,44200.00000000,46283.49000000
1187,46283.49000000,47213.00000000,45620.00000000,45811.00000000
1188,45810.99000000,47444.11000000,45530.92000000,46407.35000000
1189,46407.36000000,46890.71000000,45118.00000000,46580.51000000
1190,46580.50000000,47200.00000000,45353.81000000,45497.55000000
1191,45497.54000000,45507.14000000,43121.00000000,43170.47000000
1192,43170.47000000,43900.99000000,42727.35000000,43444.19000000
1193,43444.20000000,43970.62000000,42107.14000000,42252.01000000
1194,42252.02000000,42800.00000000,42125.48000000,42753.97000000
1195,42753.96000000,43410.30000000,41868.00000000,42158.85000000
1196,42158.85000000,42414.71000000,39200.00000000,39530.45000000
1197,39530.45000000,40699.00000000,39254.63000000,40074.94000000
1198,40074.95000000,41561.31000000,39588.54000000,41147.79000000
1199,41147.78000000,41500.00000000,39551.94000000,39942.38000000
1200,39942.37000000,40870.36000000,39766.40000000,40551.90000000
1201,40551.90000000,40709.35000000,39991.55000000,40378.71000000
1202,40378.70000000,40595.67000000,39546.17000000,39678.12000000
1203,39678.11000000,41116.73000000,38536.51000000,40801.13000000
1204,40801.13000000,41760.00000000,40571.00000000,41493.18000000
1205,41493.19000000,42199.00000000,40820.00000000,41358.19000000
1206,41358.19000000,42976.00000000,39751.00000000,40480.01000000
1207,40480.01000000,40795.06000000,39177.00000000,39709.18000000
1208,39709.19000000,39980.00000000,39285.00000000,39441.60000000
1209,39441.61000000,39940.00000000,38929.62000000,39450.13000000
1210,39450.12000000,40616.00000000,38200.00000000,40426.08000000
1211,40426.08000000,40797.31000000,37702.26000000,38112.65000000
1212,38112.64000000,39474.72000000,37881.31000000,39235.72000000
1213,39235.72000000,40372.63000000,38881.43000000,39742.07000000
1214,39742.06000000,39925.25000000,38175.00000000,38596.11000000
1215,38596.11000000,38795.38000000,37578.20000000,37630.80000000
1216,37630.80000000,38675.00000000,37386.38000000,38468.35000000
1217,38468.35000000,39167.34000000,38052.00000000,38525.16000000
1218,38525.16000000,38651.51000000,37517.80000000,37728.95000000
1219,37728.95000000,40023.77000000,37670.00000000,39690.00000000
1220,39690.00000000,39845.51000000,35571.90000000,36552.97000000
1221,36552.97000000,36675.63000000,35258.00000000,36013.77000000
1222,36013.77000000,36146.30000000,34785.00000000,35472.39000000
1223,35472.40000000,35514.22000000,33713.95000000,34038.40000000
1224,34038.39000000,34243.15000000,30033.33000000,30076.31000000
1225,30074.23000000,32658.99000000,29730.40000000,31017.10000000
1226,31017.11000000,32162.59000000,27785.00000000,29103.94000000
1227,29103.94000000,30243.00000000,26700.00000000,29029.75000000
1228,29029.74000000,31083.37000000,28751.67000000,29287.05000000
1229,29287.05000000,30343.27000000,28630.00000000,30086.74000000
1230,30086.74000000,31460.00000000,29480.00000000,31328.89000000
1231,31328.89000000,31328.90000000,29087.04000000,29874.01000000
1232,29874.01000000,30788.37000000,29780.97000000,30650.04000000
